Activity,Accountable decision owner,Operational task owner,Consulted roles,Informed roles,AI role,Prohibited delegation,Escalation owner,Source,Status
Approve requirements baseline and Sprint 6 scope,Product owner,Lead BA,Clinic physician lead; Care Coordinator; Prototype delivery owner,All delivery roles,None,No clinical or financial authority is transferred by project approval,Product owner,Sprint 5 baseline control,Planned
Maintain requirements register RTM and acceptance criteria,Lead BA,Lead BA,Product owner; Prototype delivery owner,Quality/UAT reviewer,None,No requirement may bypass source traceability or change control,Product owner,Sprint 5 requirements controls,Planned
Review RAID dependencies and open questions,Product owner,Lead BA,Prototype delivery owner; Governance/safety reviewer,Relevant owners,None,No risk acceptance on behalf of a clinical authority,Product owner,Project governance plan,Planned
Approve screen specification and low-fidelity wireframe pack,Product owner,Lead BA,Prototype delivery owner; Clinic physician lead; Care Coordinator,Quality/UAT reviewer,None,No screen may create a new clinical decision or AI permission,Product owner,Sprint 5 Part 3 gate,Planned
Estimate approved prototype stories and sequence dependencies,Prototype delivery owner,Lead BA,Product owner; Quality/UAT reviewer,Governance/safety reviewer,None,No effort estimate is a budget or delivery commitment,Product owner,Epic story estimation map,Planned
Approve controlled baseline change,Product owner,Lead BA,Prototype delivery owner; Quality/UAT reviewer; affected stakeholder role,All delivery roles,None,No scope change without impact and traceability assessment,Product owner,Sprint 6 change log,Planned
Execute Unit SIT and UAT evidence,Quality/UAT reviewer,Prototype delivery owner,Lead BA; authorised workflow reviewers,Product owner,AI evaluation is separately reviewed and cannot self-approve,No test result or sign-off may be invented,Product owner,Sprint 6 test strategy,Planned
Triage defects and decide release disposition,Product owner,Prototype delivery owner,Lead BA; Quality/UAT reviewer; Governance/safety reviewer,Relevant stakeholder roles,None,No Critical safety/control defect may be waived without recorded decision,Product owner,Sprint 6 defect and release controls,Planned
Review evidence and update roadmap,Product owner,Lead BA,Reviewer roles; Prototype delivery owner; Quality/UAT reviewer,All delivery roles,None,No reviewer feedback is treated as production approval,Product owner,Sprint 7 evidence controls,Planned
