"decision_id","decision_category","decision_or_right","accountable_role","performing_role","consulted_roles","continuumos_or_ai_boundary","human_control_required","evidence_status","scope","source_trace","open_question"
"DR01","Human decision","Create or approve diagnostic order","Clinic physician","Clinic physician / clinic source system","Care Coordinator; Diagnostic operations user","ContinuumOS may record a source order but cannot create or validate clinical need","Yes","Product decision","Build now","decision_register.csv D03; state_transition_table.csv T01","Validate minimum source fields"
"DR02","System-enforced workflow rule","Create orchestration record from verified source order","Care Coordinator","ContinuumOS / clinic source system","Clinic physician; Diagnostic operations user","Create the workflow record only after source order and linkage status are available; do not create a clinical order","No for recording; Yes for linkage exception","Product decision","Build now","decision_register.csv D01 D03; care_episode_state_model.md","Define workflow-record creation trigger"
"DR03","Human decision","Reconcile patient and encounter before attachment","Identity reconciliation reviewer","Care Coordinator records resolution","Care Coordinator; Clinic physician; Diagnostic operations user","Rules may flag uncertainty; ContinuumOS and AI cannot match or attach autonomously","Yes","Product decision","Build now","assumption_register.csv A10; state_transition_table.csv E01-E02","Define reconciliation evidence threshold"
"DR04","Human decision","Accept diagnostic work","Diagnostic operations user","Diagnostic operations user / diagnostic source system","Clinic physician; Care Coordinator","ContinuumOS records provider acceptance; it cannot accept on the provider's behalf","Yes","Product decision","Build now","ownership_matrix.md; state_transition_table.csv T01","Confirm source acceptance semantics"
"DR05","Human decision","Confirm facility or appointment and record scheduling disposition","Diagnostic operations user","Diagnostic scheduling staff","Care Coordinator; Patient or caregiver; Clinic physician for clinical changes","ContinuumOS displays source appointment status and tasks; it cannot confirm attendance or completion","Yes for confirmation/cancellation/no-show disposition","Proposed capability","Represent only","state_transition_table.csv T02; care_episode_operating_model.md","Define cancellation/no-show reason codes"
"DR06","System-enforced workflow rule","Record diagnostic completion from source event","Diagnostic operations user","Diagnostic operations user / diagnostic professional","Clinic physician if incomplete; Care Coordinator","ContinuumOS records verified completion; it cannot turn completion into result availability","No for source recording; Yes for incomplete clinical handling","Product decision","Build now","state_transition_table.csv T03; care_episode_operating_model.md","Define required completion event"
"DR07","System-enforced workflow rule","Record report availability and preserve report version","Diagnostic operations user","Diagnostic source system / ContinuumOS","Clinic physician; Care Coordinator","Source system owns report content and version; ContinuumOS displays availability and version and creates work","Yes for source correction","Product decision","Build now","decision_register.csv D01; state_transition_table.csv T04","Validate amendment fields"
"DR08","Human decision","Review current or amended diagnostic report","Clinic physician","Clinic physician","Care Coordinator; Diagnostic operations user","AI may provide a source-linked summary; source report review remains required","Yes","Product decision","Build now","decision_register.csv D05-D07; state_transition_table.csv T06 E05-E06","Define review evidence fields"
"DR09","Human decision","Acknowledge current report version and re-acknowledge amended version","Clinic physician","Clinic physician","Care Coordinator","ContinuumOS and AI cannot acknowledge; prior acknowledgement cannot satisfy an amended version","Yes","Product decision","Build now","state_transition_table.csv T06 E06; assumption_register.csv A01 A11","Validate acknowledgement SLA and amended-result re-review"
"DR10","Human decision","Choose follow-up direction: clinic management, referral or hospital escalation","Clinic physician","Clinic physician","Care Coordinator; Referral Coordinator; Receiving team; Billing/pre-authorisation user","AI may not diagnose, determine urgency, choose a pathway or approve escalation; urgent handling requires an authorised human decision or validated source flag","Yes","Product decision","Build now","decision_register.csv D03-D06; state_transition_table.csv T08-T09","Validate pathway prerequisites and urgent bypass"
"DR11","Human decision","Accept or reject referral or escalation handoff","Receiving team","Receiving team","Referral Coordinator; Clinic physician; Care Coordinator","AI cannot accept, reject or redirect a referral; ContinuumOS or Referral Coordinator may record the received response","Yes","Product decision","Build now","ownership_matrix.md; state_transition_table.csv T10 E08-E09","Validate receiving-team evidence"
"DR12","AI-assisted draft","Prepare source-linked referral handoff draft after approved referral or escalation","Referral Coordinator","AI draft / Referral Coordinator review","Clinic physician; Care Coordinator; Receiving team","AI may draft only after human-approved referral or escalation; it cannot create, send or approve the referral","Yes for operational use","Product decision; pilot hypothesis for evaluation","Build now; validate later","decision_register.csv D06-D07; assumption_register.csv A07","Define mandatory handoff fields"
"DR13","Human decision","Approve referral-handoff package for operational use","Referral Coordinator","Referral Coordinator records approval","Clinic physician; Care Coordinator; Receiving team","An AI-generated package requires human review and approval before routing or operational use; the clinic physician separately approves patient-facing clinical content where clinically contextual","Yes","Product decision","Build now","decision_register.csv D07; assumption_register.csv A07","Define approval and rejection reason codes"
"DR14","Human decision","Approve patient-facing clinical content","Clinic physician","Clinic physician approves content; Care Coordinator records approval","Care Coordinator; Referral Coordinator","AI may draft patient-facing content, but no clinical content is used without physician approval","Yes","Product decision","Build now","decision_register.csv D07; assumption_register.csv A09","Define approval and rejection reason codes"
"DR15","Human decision","Approve final financial authorisation","Authorised financial decision-maker","Billing/pre-authorisation user","Clinic physician; Referral Coordinator; Care Coordinator","ContinuumOS may show Financial Readiness Pending, readiness and blockers; it cannot authorise payment or infer coverage","Yes","Product decision","Represent only","decision_register.csv D03-D05; assumption_register.csv A08; state_transition_table.csv T12-T13","Validate prerequisite ordering"
"DR16","Human decision","Determine alternative clinical pathway after financial denial","Clinic physician","Clinic physician","Care Coordinator; Referral Coordinator; Billing/pre-authorisation user","AI may summarise denial context but cannot select a clinical alternative or confirm next step","Yes","Product decision","Build now","state_transition_table.csv E11-E12; care_episode_operating_model.md","Define escalation ownership"
"DR17","Human decision","Determine permissible financial or administrative option after denial","Authorised financial decision-maker","Billing/pre-authorisation user","Clinic physician; Referral Coordinator; Care Coordinator","The financial role may explain administrative options but cannot select the clinical pathway or authorise care autonomously","Yes","Product decision","Represent only","decision_register.csv D03-D05; state_transition_table.csv E11-E12","Define administrative decision evidence"
"DR18","System-enforced workflow rule","Create tasks, assign owners, flag ageing and escalate overdue work","Care Coordinator","Care Coordinator / ContinuumOS","Relevant workflow owners; service operations lead","Deterministic rules manage visibility and escalation; they cannot acknowledge, accept or confirm","No for visibility; Yes for gated action","Product decision","Build now","assumption_register.csv A02-A03; ownership_matrix.md","Validate owner coverage and ageing"
"DR19","Human decision","Confirm the next safe care step and close the MVP workflow","Care Coordinator","Care Coordinator / ContinuumOS records evidence","Clinic physician; Referral Coordinator; Receiving team; Billing/pre-authorisation user","ContinuumOS checks evidence and records confirmation and Episode Completed; it cannot confirm with missing evidence or close broader care","Yes","Product decision","Build now","decision_register.csv D10; state_transition_table.csv T08 T11 T13 T14","Agree closure evidence checklist"
"DR20","AI-assisted draft","Generate source-linked episode summary for human review","Care Coordinator","AI draft / Care Coordinator or clinician review","Clinic physician; relevant workflow owner","AI may summarise only approved source-linked information and must expose source references; it cannot diagnose or determine urgency","Yes before operational reliance","Product decision; pilot hypothesis for evaluation","Build now; validate later","decision_register.csv D05-D07; assumption_register.csv A05 A12","Define assertion-level source-linkage review"
"DR21","System-enforced workflow rule","Recover technical access or workflow service and reconcile affected work","Product/platform administrator","Product/platform administrator","Care Coordinator; affected source owner; service operations lead","Technical recovery controls verify source status, prevent duplicate replay and return to the last verified valid state; they cannot claim source success without evidence","Yes for reconciliation and safe return","Proposed capability","Represent only","state_transition_table.csv E13; care_episode_operating_model.md","Define manual recovery and idempotency evidence"
